{
  "label": "api_agents_openai",
  "config_path": "configs/runtime_openai_example.json",
  "seeds": [
    11,
    17
  ],
  "train_episodes": 12,
  "holdout_episodes": 12,
  "aggregate_policy_metrics": {
    "full": {
      "mean_train_reward": 0.631736111111111,
      "mean_holdout_reward": 0.6145833333333333,
      "mean_train_reward_trend": 0.0625,
      "mean_train_hit_rate": 0.041666666666666664,
      "mean_holdout_hit_rate": 0.041666666666666664,
      "mean_selected_branch_hhi": 0.42361111111111116
    },
    "frozen": {
      "mean_train_reward": 0.6363888888888889,
      "mean_holdout_reward": 0.6277083333333333,
      "mean_train_reward_trend": 0.06250000000000006,
      "mean_train_hit_rate": 0.08333333333333333,
      "mean_holdout_hit_rate": 0.125,
      "mean_selected_branch_hhi": 0.7986111111111112
    },
    "memory_only": {
      "mean_train_reward": 0.6292361111111111,
      "mean_holdout_reward": 0.6290972222222222,
      "mean_train_reward_trend": 0.07083333333333336,
      "mean_train_hit_rate": 0.041666666666666664,
      "mean_holdout_hit_rate": 0.125,
      "mean_selected_branch_hhi": 0.6527777777777778
    },
    "weight_only": {
      "mean_train_reward": 0.6213888888888889,
      "mean_holdout_reward": 0.6268055555555556,
      "mean_train_reward_trend": 0.08749999999999997,
      "mean_train_hit_rate": 0.041666666666666664,
      "mean_holdout_hit_rate": 0.16666666666666666,
      "mean_selected_branch_hhi": 0.7777777777777777
    },
    "exploration_only": {
      "mean_train_reward": 0.6472222222222221,
      "mean_holdout_reward": 0.588125,
      "mean_train_reward_trend": 0.031666666666666676,
      "mean_train_hit_rate": 0.16666666666666666,
      "mean_holdout_hit_rate": 0.08333333333333333,
      "mean_selected_branch_hhi": 0.3055555555555556
    }
  },
  "summary": {
    "full_minus_frozen_holdout": -0.013124999999999998,
    "full_minus_memory_only_holdout": -0.014513888888888882,
    "full_over_frozen_win_rate": 0.5,
    "full_over_memory_only_win_rate": 0.5,
    "full_holdout_fairness_gap": 0.1562499999999999
  },
  "runtime_reliability": {
    "events": 240,
    "eval_runtime_llm_events": 240,
    "eval_runtime_error_events": 0,
    "optimizer_advisor_used_events": 48,
    "optimizer_advisor_error_events": 0,
    "local_scope_violations": 0
  }
}