{
  "n_agents": 1000,
  "n_ticks": 286,
  "sim_time_s": 52.373128175735474,
  "ticks_per_sec": 5.4608156885405235,
  "avg_tick_ms": 183.10053978429562,
  "p95_tick_ms": 252.29206250514835,
  "n_layoffs": 42,
  "est_llm_cost": 60.06
}